{
    "accuracy": 0.5001131733816206,
    "roc_auc": 0.9746376811594203,
    "avg_precision": 0.974629125850533,
    "confusion_matrix": [
        [
            89,
            7
        ],
        [
            6,
            86
        ]
    ],
    "classification_report": {
        "0": {
            "precision": 0.9368421052631579,
            "recall": 0.9270833333333334,
            "f1-score": 0.9319371727748691,
            "support": 96.0
        },
        "1": {
            "precision": 0.9247311827956989,
            "recall": 0.9347826086956522,
            "f1-score": 0.9297297297297298,
            "support": 92.0
        },
        "accuracy": 0.9308510638297872,
        "macro avg": {
            "precision": 0.9307866440294283,
            "recall": 0.9309329710144928,
            "f1-score": 0.9308334512522994,
            "support": 188.0
        },
        "weighted avg": {
            "precision": 0.9309154836301461,
            "recall": 0.9308510638297872,
            "f1-score": 0.9308569346889498,
            "support": 188.0
        }
    }
}