{
    "accuracy": 0.4997736532367587,
    "roc_auc": 0.9678442028985507,
    "avg_precision": 0.9637277201826785,
    "confusion_matrix": [
        [
            86,
            10
        ],
        [
            6,
            86
        ]
    ],
    "classification_report": {
        "0": {
            "precision": 0.9347826086956522,
            "recall": 0.8958333333333334,
            "f1-score": 0.9148936170212766,
            "support": 96.0
        },
        "1": {
            "precision": 0.8958333333333334,
            "recall": 0.9347826086956522,
            "f1-score": 0.9148936170212766,
            "support": 92.0
        },
        "accuracy": 0.9148936170212766,
        "macro avg": {
            "precision": 0.9153079710144928,
            "recall": 0.9153079710144928,
            "f1-score": 0.9148936170212766,
            "support": 188.0
        },
        "weighted avg": {
            "precision": 0.9157223250077089,
            "recall": 0.9148936170212766,
            "f1-score": 0.9148936170212766,
            "support": 188.0
        }
    }
}