{
    "accuracy": 0.5003395201448619,
    "roc_auc": 0.9770153985507247,
    "avg_precision": 0.9767241589451415,
    "confusion_matrix": [
        [
            89,
            7
        ],
        [
            8,
            84
        ]
    ],
    "classification_report": {
        "0": {
            "precision": 0.9175257731958762,
            "recall": 0.9270833333333334,
            "f1-score": 0.9222797927461139,
            "support": 96.0
        },
        "1": {
            "precision": 0.9230769230769231,
            "recall": 0.9130434782608695,
            "f1-score": 0.9180327868852459,
            "support": 92.0
        },
        "accuracy": 0.9202127659574468,
        "macro avg": {
            "precision": 0.9203013481363997,
            "recall": 0.9200634057971014,
            "f1-score": 0.9201562898156799,
            "support": 188.0
        },
        "weighted avg": {
            "precision": 0.9202422933504312,
            "recall": 0.9202127659574468,
            "f1-score": 0.9202014707290934,
            "support": 188.0
        }
    }
}