{
    "accuracy": 0.9627659574468085,
    "roc_auc": 0.9946784420289855,
    "avg_precision": 0.9942009046758021,
    "confusion_matrix": [
        [
            93,
            3
        ],
        [
            4,
            88
        ]
    ],
    "classification_report": {
        "0": {
            "precision": 0.9587628865979382,
            "recall": 0.96875,
            "f1-score": 0.9637305699481865,
            "support": 96.0
        },
        "1": {
            "precision": 0.967032967032967,
            "recall": 0.9565217391304348,
            "f1-score": 0.9617486338797814,
            "support": 92.0
        },
        "accuracy": 0.9627659574468085,
        "macro avg": {
            "precision": 0.9628979268154526,
            "recall": 0.9626358695652174,
            "f1-score": 0.962739601913984,
            "support": 188.0
        },
        "weighted avg": {
            "precision": 0.9628099472363565,
            "recall": 0.9627659574468085,
            "f1-score": 0.9627606863402435,
            "support": 188.0
        }
    }
}