{
    "accuracy": 0.9521276595744681,
    "roc_auc": 0.9917346014492753,
    "avg_precision": 0.9907495489483139,
    "confusion_matrix": [
        [
            92,
            4
        ],
        [
            5,
            87
        ]
    ],
    "classification_report": {
        "0": {
            "precision": 0.9484536082474226,
            "recall": 0.9583333333333334,
            "f1-score": 0.9533678756476683,
            "support": 96.0
        },
        "1": {
            "precision": 0.9560439560439561,
            "recall": 0.9456521739130435,
            "f1-score": 0.9508196721311475,
            "support": 92.0
        },
        "accuracy": 0.9521276595744681,
        "macro avg": {
            "precision": 0.9522487821456893,
            "recall": 0.9519927536231885,
            "f1-score": 0.952093773889408,
            "support": 188.0
        },
        "weighted avg": {
            "precision": 0.952168033764875,
            "recall": 0.9521276595744681,
            "f1-score": 0.952120882437456,
            "support": 188.0
        }
    }
}